scenario_id,leaked_pipe_name,leaked_pipe_index,pressure_file,flow_file,node_features_file,label_file
leak_20,20,0,simulated_data\Net3\leak_pipe_20_pressures.csv,simulated_data\Net3\leak_pipe_20_flows.csv,simulated_data\Net3\leak_pipe_20_node_features.npy,simulated_data\Net3\leak_pipe_20_labels.npy
leak_40,40,1,simulated_data\Net3\leak_pipe_40_pressures.csv,simulated_data\Net3\leak_pipe_40_flows.csv,simulated_data\Net3\leak_pipe_40_node_features.npy,simulated_data\Net3\leak_pipe_40_labels.npy
leak_50,50,2,simulated_data\Net3\leak_pipe_50_pressures.csv,simulated_data\Net3\leak_pipe_50_flows.csv,simulated_data\Net3\leak_pipe_50_node_features.npy,simulated_data\Net3\leak_pipe_50_labels.npy
leak_101,101,4,simulated_data\Net3\leak_pipe_101_pressures.csv,simulated_data\Net3\leak_pipe_101_flows.csv,simulated_data\Net3\leak_pipe_101_node_features.npy,simulated_data\Net3\leak_pipe_101_labels.npy
leak_103,103,5,simulated_data\Net3\leak_pipe_103_pressures.csv,simulated_data\Net3\leak_pipe_103_flows.csv,simulated_data\Net3\leak_pipe_103_node_features.npy,simulated_data\Net3\leak_pipe_103_labels.npy
leak_105,105,6,simulated_data\Net3\leak_pipe_105_pressures.csv,simulated_data\Net3\leak_pipe_105_flows.csv,simulated_data\Net3\leak_pipe_105_node_features.npy,simulated_data\Net3\leak_pipe_105_labels.npy
leak_107,107,7,simulated_data\Net3\leak_pipe_107_pressures.csv,simulated_data\Net3\leak_pipe_107_flows.csv,simulated_data\Net3\leak_pipe_107_node_features.npy,simulated_data\Net3\leak_pipe_107_labels.npy
leak_109,109,8,simulated_data\Net3\leak_pipe_109_pressures.csv,simulated_data\Net3\leak_pipe_109_flows.csv,simulated_data\Net3\leak_pipe_109_node_features.npy,simulated_data\Net3\leak_pipe_109_labels.npy
leak_111,111,9,simulated_data\Net3\leak_pipe_111_pressures.csv,simulated_data\Net3\leak_pipe_111_flows.csv,simulated_data\Net3\leak_pipe_111_node_features.npy,simulated_data\Net3\leak_pipe_111_labels.npy
leak_112,112,10,simulated_data\Net3\leak_pipe_112_pressures.csv,simulated_data\Net3\leak_pipe_112_flows.csv,simulated_data\Net3\leak_pipe_112_node_features.npy,simulated_data\Net3\leak_pipe_112_labels.npy
leak_113,113,11,simulated_data\Net3\leak_pipe_113_pressures.csv,simulated_data\Net3\leak_pipe_113_flows.csv,simulated_data\Net3\leak_pipe_113_node_features.npy,simulated_data\Net3\leak_pipe_113_labels.npy
leak_114,114,12,simulated_data\Net3\leak_pipe_114_pressures.csv,simulated_data\Net3\leak_pipe_114_flows.csv,simulated_data\Net3\leak_pipe_114_node_features.npy,simulated_data\Net3\leak_pipe_114_labels.npy
leak_115,115,13,simulated_data\Net3\leak_pipe_115_pressures.csv,simulated_data\Net3\leak_pipe_115_flows.csv,simulated_data\Net3\leak_pipe_115_node_features.npy,simulated_data\Net3\leak_pipe_115_labels.npy
leak_116,116,14,simulated_data\Net3\leak_pipe_116_pressures.csv,simulated_data\Net3\leak_pipe_116_flows.csv,simulated_data\Net3\leak_pipe_116_node_features.npy,simulated_data\Net3\leak_pipe_116_labels.npy
leak_117,117,15,simulated_data\Net3\leak_pipe_117_pressures.csv,simulated_data\Net3\leak_pipe_117_flows.csv,simulated_data\Net3\leak_pipe_117_node_features.npy,simulated_data\Net3\leak_pipe_117_labels.npy
leak_119,119,16,simulated_data\Net3\leak_pipe_119_pressures.csv,simulated_data\Net3\leak_pipe_119_flows.csv,simulated_data\Net3\leak_pipe_119_node_features.npy,simulated_data\Net3\leak_pipe_119_labels.npy
leak_120,120,17,simulated_data\Net3\leak_pipe_120_pressures.csv,simulated_data\Net3\leak_pipe_120_flows.csv,simulated_data\Net3\leak_pipe_120_node_features.npy,simulated_data\Net3\leak_pipe_120_labels.npy
leak_121,121,18,simulated_data\Net3\leak_pipe_121_pressures.csv,simulated_data\Net3\leak_pipe_121_flows.csv,simulated_data\Net3\leak_pipe_121_node_features.npy,simulated_data\Net3\leak_pipe_121_labels.npy
leak_122,122,19,simulated_data\Net3\leak_pipe_122_pressures.csv,simulated_data\Net3\leak_pipe_122_flows.csv,simulated_data\Net3\leak_pipe_122_node_features.npy,simulated_data\Net3\leak_pipe_122_labels.npy
leak_123,123,20,simulated_data\Net3\leak_pipe_123_pressures.csv,simulated_data\Net3\leak_pipe_123_flows.csv,simulated_data\Net3\leak_pipe_123_node_features.npy,simulated_data\Net3\leak_pipe_123_labels.npy
leak_125,125,21,simulated_data\Net3\leak_pipe_125_pressures.csv,simulated_data\Net3\leak_pipe_125_flows.csv,simulated_data\Net3\leak_pipe_125_node_features.npy,simulated_data\Net3\leak_pipe_125_labels.npy
leak_129,129,22,simulated_data\Net3\leak_pipe_129_pressures.csv,simulated_data\Net3\leak_pipe_129_flows.csv,simulated_data\Net3\leak_pipe_129_node_features.npy,simulated_data\Net3\leak_pipe_129_labels.npy
leak_131,131,23,simulated_data\Net3\leak_pipe_131_pressures.csv,simulated_data\Net3\leak_pipe_131_flows.csv,simulated_data\Net3\leak_pipe_131_node_features.npy,simulated_data\Net3\leak_pipe_131_labels.npy
leak_133,133,24,simulated_data\Net3\leak_pipe_133_pressures.csv,simulated_data\Net3\leak_pipe_133_flows.csv,simulated_data\Net3\leak_pipe_133_node_features.npy,simulated_data\Net3\leak_pipe_133_labels.npy
leak_135,135,25,simulated_data\Net3\leak_pipe_135_pressures.csv,simulated_data\Net3\leak_pipe_135_flows.csv,simulated_data\Net3\leak_pipe_135_node_features.npy,simulated_data\Net3\leak_pipe_135_labels.npy
leak_137,137,26,simulated_data\Net3\leak_pipe_137_pressures.csv,simulated_data\Net3\leak_pipe_137_flows.csv,simulated_data\Net3\leak_pipe_137_node_features.npy,simulated_data\Net3\leak_pipe_137_labels.npy
leak_145,145,27,simulated_data\Net3\leak_pipe_145_pressures.csv,simulated_data\Net3\leak_pipe_145_flows.csv,simulated_data\Net3\leak_pipe_145_node_features.npy,simulated_data\Net3\leak_pipe_145_labels.npy
leak_147,147,28,simulated_data\Net3\leak_pipe_147_pressures.csv,simulated_data\Net3\leak_pipe_147_flows.csv,simulated_data\Net3\leak_pipe_147_node_features.npy,simulated_data\Net3\leak_pipe_147_labels.npy
leak_149,149,29,simulated_data\Net3\leak_pipe_149_pressures.csv,simulated_data\Net3\leak_pipe_149_flows.csv,simulated_data\Net3\leak_pipe_149_node_features.npy,simulated_data\Net3\leak_pipe_149_labels.npy
leak_151,151,30,simulated_data\Net3\leak_pipe_151_pressures.csv,simulated_data\Net3\leak_pipe_151_flows.csv,simulated_data\Net3\leak_pipe_151_node_features.npy,simulated_data\Net3\leak_pipe_151_labels.npy
leak_153,153,31,simulated_data\Net3\leak_pipe_153_pressures.csv,simulated_data\Net3\leak_pipe_153_flows.csv,simulated_data\Net3\leak_pipe_153_node_features.npy,simulated_data\Net3\leak_pipe_153_labels.npy
leak_155,155,32,simulated_data\Net3\leak_pipe_155_pressures.csv,simulated_data\Net3\leak_pipe_155_flows.csv,simulated_data\Net3\leak_pipe_155_node_features.npy,simulated_data\Net3\leak_pipe_155_labels.npy
leak_159,159,33,simulated_data\Net3\leak_pipe_159_pressures.csv,simulated_data\Net3\leak_pipe_159_flows.csv,simulated_data\Net3\leak_pipe_159_node_features.npy,simulated_data\Net3\leak_pipe_159_labels.npy
leak_161,161,34,simulated_data\Net3\leak_pipe_161_pressures.csv,simulated_data\Net3\leak_pipe_161_flows.csv,simulated_data\Net3\leak_pipe_161_node_features.npy,simulated_data\Net3\leak_pipe_161_labels.npy
leak_163,163,35,simulated_data\Net3\leak_pipe_163_pressures.csv,simulated_data\Net3\leak_pipe_163_flows.csv,simulated_data\Net3\leak_pipe_163_node_features.npy,simulated_data\Net3\leak_pipe_163_labels.npy
leak_169,169,36,simulated_data\Net3\leak_pipe_169_pressures.csv,simulated_data\Net3\leak_pipe_169_flows.csv,simulated_data\Net3\leak_pipe_169_node_features.npy,simulated_data\Net3\leak_pipe_169_labels.npy
leak_171,171,37,simulated_data\Net3\leak_pipe_171_pressures.csv,simulated_data\Net3\leak_pipe_171_flows.csv,simulated_data\Net3\leak_pipe_171_node_features.npy,simulated_data\Net3\leak_pipe_171_labels.npy
leak_173,173,38,simulated_data\Net3\leak_pipe_173_pressures.csv,simulated_data\Net3\leak_pipe_173_flows.csv,simulated_data\Net3\leak_pipe_173_node_features.npy,simulated_data\Net3\leak_pipe_173_labels.npy
leak_175,175,39,simulated_data\Net3\leak_pipe_175_pressures.csv,simulated_data\Net3\leak_pipe_175_flows.csv,simulated_data\Net3\leak_pipe_175_node_features.npy,simulated_data\Net3\leak_pipe_175_labels.npy
leak_177,177,40,simulated_data\Net3\leak_pipe_177_pressures.csv,simulated_data\Net3\leak_pipe_177_flows.csv,simulated_data\Net3\leak_pipe_177_node_features.npy,simulated_data\Net3\leak_pipe_177_labels.npy
leak_179,179,41,simulated_data\Net3\leak_pipe_179_pressures.csv,simulated_data\Net3\leak_pipe_179_flows.csv,simulated_data\Net3\leak_pipe_179_node_features.npy,simulated_data\Net3\leak_pipe_179_labels.npy
leak_180,180,42,simulated_data\Net3\leak_pipe_180_pressures.csv,simulated_data\Net3\leak_pipe_180_flows.csv,simulated_data\Net3\leak_pipe_180_node_features.npy,simulated_data\Net3\leak_pipe_180_labels.npy
leak_181,181,43,simulated_data\Net3\leak_pipe_181_pressures.csv,simulated_data\Net3\leak_pipe_181_flows.csv,simulated_data\Net3\leak_pipe_181_node_features.npy,simulated_data\Net3\leak_pipe_181_labels.npy
leak_183,183,44,simulated_data\Net3\leak_pipe_183_pressures.csv,simulated_data\Net3\leak_pipe_183_flows.csv,simulated_data\Net3\leak_pipe_183_node_features.npy,simulated_data\Net3\leak_pipe_183_labels.npy
leak_185,185,45,simulated_data\Net3\leak_pipe_185_pressures.csv,simulated_data\Net3\leak_pipe_185_flows.csv,simulated_data\Net3\leak_pipe_185_node_features.npy,simulated_data\Net3\leak_pipe_185_labels.npy
leak_186,186,46,simulated_data\Net3\leak_pipe_186_pressures.csv,simulated_data\Net3\leak_pipe_186_flows.csv,simulated_data\Net3\leak_pipe_186_node_features.npy,simulated_data\Net3\leak_pipe_186_labels.npy
leak_187,187,47,simulated_data\Net3\leak_pipe_187_pressures.csv,simulated_data\Net3\leak_pipe_187_flows.csv,simulated_data\Net3\leak_pipe_187_node_features.npy,simulated_data\Net3\leak_pipe_187_labels.npy
leak_189,189,48,simulated_data\Net3\leak_pipe_189_pressures.csv,simulated_data\Net3\leak_pipe_189_flows.csv,simulated_data\Net3\leak_pipe_189_node_features.npy,simulated_data\Net3\leak_pipe_189_labels.npy
leak_191,191,49,simulated_data\Net3\leak_pipe_191_pressures.csv,simulated_data\Net3\leak_pipe_191_flows.csv,simulated_data\Net3\leak_pipe_191_node_features.npy,simulated_data\Net3\leak_pipe_191_labels.npy
leak_193,193,50,simulated_data\Net3\leak_pipe_193_pressures.csv,simulated_data\Net3\leak_pipe_193_flows.csv,simulated_data\Net3\leak_pipe_193_node_features.npy,simulated_data\Net3\leak_pipe_193_labels.npy
leak_195,195,51,simulated_data\Net3\leak_pipe_195_pressures.csv,simulated_data\Net3\leak_pipe_195_flows.csv,simulated_data\Net3\leak_pipe_195_node_features.npy,simulated_data\Net3\leak_pipe_195_labels.npy
leak_197,197,52,simulated_data\Net3\leak_pipe_197_pressures.csv,simulated_data\Net3\leak_pipe_197_flows.csv,simulated_data\Net3\leak_pipe_197_node_features.npy,simulated_data\Net3\leak_pipe_197_labels.npy
leak_199,199,53,simulated_data\Net3\leak_pipe_199_pressures.csv,simulated_data\Net3\leak_pipe_199_flows.csv,simulated_data\Net3\leak_pipe_199_node_features.npy,simulated_data\Net3\leak_pipe_199_labels.npy
leak_201,201,54,simulated_data\Net3\leak_pipe_201_pressures.csv,simulated_data\Net3\leak_pipe_201_flows.csv,simulated_data\Net3\leak_pipe_201_node_features.npy,simulated_data\Net3\leak_pipe_201_labels.npy
leak_202,202,55,simulated_data\Net3\leak_pipe_202_pressures.csv,simulated_data\Net3\leak_pipe_202_flows.csv,simulated_data\Net3\leak_pipe_202_node_features.npy,simulated_data\Net3\leak_pipe_202_labels.npy
leak_203,203,56,simulated_data\Net3\leak_pipe_203_pressures.csv,simulated_data\Net3\leak_pipe_203_flows.csv,simulated_data\Net3\leak_pipe_203_node_features.npy,simulated_data\Net3\leak_pipe_203_labels.npy
leak_204,204,57,simulated_data\Net3\leak_pipe_204_pressures.csv,simulated_data\Net3\leak_pipe_204_flows.csv,simulated_data\Net3\leak_pipe_204_node_features.npy,simulated_data\Net3\leak_pipe_204_labels.npy
leak_205,205,58,simulated_data\Net3\leak_pipe_205_pressures.csv,simulated_data\Net3\leak_pipe_205_flows.csv,simulated_data\Net3\leak_pipe_205_node_features.npy,simulated_data\Net3\leak_pipe_205_labels.npy
leak_207,207,59,simulated_data\Net3\leak_pipe_207_pressures.csv,simulated_data\Net3\leak_pipe_207_flows.csv,simulated_data\Net3\leak_pipe_207_node_features.npy,simulated_data\Net3\leak_pipe_207_labels.npy
leak_209,209,60,simulated_data\Net3\leak_pipe_209_pressures.csv,simulated_data\Net3\leak_pipe_209_flows.csv,simulated_data\Net3\leak_pipe_209_node_features.npy,simulated_data\Net3\leak_pipe_209_labels.npy
leak_211,211,61,simulated_data\Net3\leak_pipe_211_pressures.csv,simulated_data\Net3\leak_pipe_211_flows.csv,simulated_data\Net3\leak_pipe_211_node_features.npy,simulated_data\Net3\leak_pipe_211_labels.npy
leak_213,213,62,simulated_data\Net3\leak_pipe_213_pressures.csv,simulated_data\Net3\leak_pipe_213_flows.csv,simulated_data\Net3\leak_pipe_213_node_features.npy,simulated_data\Net3\leak_pipe_213_labels.npy
leak_215,215,63,simulated_data\Net3\leak_pipe_215_pressures.csv,simulated_data\Net3\leak_pipe_215_flows.csv,simulated_data\Net3\leak_pipe_215_node_features.npy,simulated_data\Net3\leak_pipe_215_labels.npy
leak_217,217,64,simulated_data\Net3\leak_pipe_217_pressures.csv,simulated_data\Net3\leak_pipe_217_flows.csv,simulated_data\Net3\leak_pipe_217_node_features.npy,simulated_data\Net3\leak_pipe_217_labels.npy
leak_219,219,65,simulated_data\Net3\leak_pipe_219_pressures.csv,simulated_data\Net3\leak_pipe_219_flows.csv,simulated_data\Net3\leak_pipe_219_node_features.npy,simulated_data\Net3\leak_pipe_219_labels.npy
leak_221,221,66,simulated_data\Net3\leak_pipe_221_pressures.csv,simulated_data\Net3\leak_pipe_221_flows.csv,simulated_data\Net3\leak_pipe_221_node_features.npy,simulated_data\Net3\leak_pipe_221_labels.npy
leak_223,223,67,simulated_data\Net3\leak_pipe_223_pressures.csv,simulated_data\Net3\leak_pipe_223_flows.csv,simulated_data\Net3\leak_pipe_223_node_features.npy,simulated_data\Net3\leak_pipe_223_labels.npy
leak_225,225,68,simulated_data\Net3\leak_pipe_225_pressures.csv,simulated_data\Net3\leak_pipe_225_flows.csv,simulated_data\Net3\leak_pipe_225_node_features.npy,simulated_data\Net3\leak_pipe_225_labels.npy
leak_229,229,69,simulated_data\Net3\leak_pipe_229_pressures.csv,simulated_data\Net3\leak_pipe_229_flows.csv,simulated_data\Net3\leak_pipe_229_node_features.npy,simulated_data\Net3\leak_pipe_229_labels.npy
leak_231,231,70,simulated_data\Net3\leak_pipe_231_pressures.csv,simulated_data\Net3\leak_pipe_231_flows.csv,simulated_data\Net3\leak_pipe_231_node_features.npy,simulated_data\Net3\leak_pipe_231_labels.npy
leak_233,233,71,simulated_data\Net3\leak_pipe_233_pressures.csv,simulated_data\Net3\leak_pipe_233_flows.csv,simulated_data\Net3\leak_pipe_233_node_features.npy,simulated_data\Net3\leak_pipe_233_labels.npy
leak_235,235,72,simulated_data\Net3\leak_pipe_235_pressures.csv,simulated_data\Net3\leak_pipe_235_flows.csv,simulated_data\Net3\leak_pipe_235_node_features.npy,simulated_data\Net3\leak_pipe_235_labels.npy
leak_237,237,73,simulated_data\Net3\leak_pipe_237_pressures.csv,simulated_data\Net3\leak_pipe_237_flows.csv,simulated_data\Net3\leak_pipe_237_node_features.npy,simulated_data\Net3\leak_pipe_237_labels.npy
leak_238,238,74,simulated_data\Net3\leak_pipe_238_pressures.csv,simulated_data\Net3\leak_pipe_238_flows.csv,simulated_data\Net3\leak_pipe_238_node_features.npy,simulated_data\Net3\leak_pipe_238_labels.npy
leak_239,239,75,simulated_data\Net3\leak_pipe_239_pressures.csv,simulated_data\Net3\leak_pipe_239_flows.csv,simulated_data\Net3\leak_pipe_239_node_features.npy,simulated_data\Net3\leak_pipe_239_labels.npy
leak_240,240,76,simulated_data\Net3\leak_pipe_240_pressures.csv,simulated_data\Net3\leak_pipe_240_flows.csv,simulated_data\Net3\leak_pipe_240_node_features.npy,simulated_data\Net3\leak_pipe_240_labels.npy
leak_241,241,77,simulated_data\Net3\leak_pipe_241_pressures.csv,simulated_data\Net3\leak_pipe_241_flows.csv,simulated_data\Net3\leak_pipe_241_node_features.npy,simulated_data\Net3\leak_pipe_241_labels.npy
leak_243,243,78,simulated_data\Net3\leak_pipe_243_pressures.csv,simulated_data\Net3\leak_pipe_243_flows.csv,simulated_data\Net3\leak_pipe_243_node_features.npy,simulated_data\Net3\leak_pipe_243_labels.npy
leak_245,245,79,simulated_data\Net3\leak_pipe_245_pressures.csv,simulated_data\Net3\leak_pipe_245_flows.csv,simulated_data\Net3\leak_pipe_245_node_features.npy,simulated_data\Net3\leak_pipe_245_labels.npy
leak_247,247,80,simulated_data\Net3\leak_pipe_247_pressures.csv,simulated_data\Net3\leak_pipe_247_flows.csv,simulated_data\Net3\leak_pipe_247_node_features.npy,simulated_data\Net3\leak_pipe_247_labels.npy
leak_249,249,81,simulated_data\Net3\leak_pipe_249_pressures.csv,simulated_data\Net3\leak_pipe_249_flows.csv,simulated_data\Net3\leak_pipe_249_node_features.npy,simulated_data\Net3\leak_pipe_249_labels.npy
leak_251,251,82,simulated_data\Net3\leak_pipe_251_pressures.csv,simulated_data\Net3\leak_pipe_251_flows.csv,simulated_data\Net3\leak_pipe_251_node_features.npy,simulated_data\Net3\leak_pipe_251_labels.npy
leak_257,257,83,simulated_data\Net3\leak_pipe_257_pressures.csv,simulated_data\Net3\leak_pipe_257_flows.csv,simulated_data\Net3\leak_pipe_257_node_features.npy,simulated_data\Net3\leak_pipe_257_labels.npy
leak_261,261,84,simulated_data\Net3\leak_pipe_261_pressures.csv,simulated_data\Net3\leak_pipe_261_flows.csv,simulated_data\Net3\leak_pipe_261_node_features.npy,simulated_data\Net3\leak_pipe_261_labels.npy
leak_263,263,85,simulated_data\Net3\leak_pipe_263_pressures.csv,simulated_data\Net3\leak_pipe_263_flows.csv,simulated_data\Net3\leak_pipe_263_node_features.npy,simulated_data\Net3\leak_pipe_263_labels.npy
leak_269,269,86,simulated_data\Net3\leak_pipe_269_pressures.csv,simulated_data\Net3\leak_pipe_269_flows.csv,simulated_data\Net3\leak_pipe_269_node_features.npy,simulated_data\Net3\leak_pipe_269_labels.npy
leak_271,271,87,simulated_data\Net3\leak_pipe_271_pressures.csv,simulated_data\Net3\leak_pipe_271_flows.csv,simulated_data\Net3\leak_pipe_271_node_features.npy,simulated_data\Net3\leak_pipe_271_labels.npy
leak_273,273,88,simulated_data\Net3\leak_pipe_273_pressures.csv,simulated_data\Net3\leak_pipe_273_flows.csv,simulated_data\Net3\leak_pipe_273_node_features.npy,simulated_data\Net3\leak_pipe_273_labels.npy
leak_275,275,89,simulated_data\Net3\leak_pipe_275_pressures.csv,simulated_data\Net3\leak_pipe_275_flows.csv,simulated_data\Net3\leak_pipe_275_node_features.npy,simulated_data\Net3\leak_pipe_275_labels.npy
leak_277,277,90,simulated_data\Net3\leak_pipe_277_pressures.csv,simulated_data\Net3\leak_pipe_277_flows.csv,simulated_data\Net3\leak_pipe_277_node_features.npy,simulated_data\Net3\leak_pipe_277_labels.npy
leak_281,281,91,simulated_data\Net3\leak_pipe_281_pressures.csv,simulated_data\Net3\leak_pipe_281_flows.csv,simulated_data\Net3\leak_pipe_281_node_features.npy,simulated_data\Net3\leak_pipe_281_labels.npy
leak_283,283,92,simulated_data\Net3\leak_pipe_283_pressures.csv,simulated_data\Net3\leak_pipe_283_flows.csv,simulated_data\Net3\leak_pipe_283_node_features.npy,simulated_data\Net3\leak_pipe_283_labels.npy
leak_285,285,93,simulated_data\Net3\leak_pipe_285_pressures.csv,simulated_data\Net3\leak_pipe_285_flows.csv,simulated_data\Net3\leak_pipe_285_node_features.npy,simulated_data\Net3\leak_pipe_285_labels.npy
leak_287,287,94,simulated_data\Net3\leak_pipe_287_pressures.csv,simulated_data\Net3\leak_pipe_287_flows.csv,simulated_data\Net3\leak_pipe_287_node_features.npy,simulated_data\Net3\leak_pipe_287_labels.npy
leak_289,289,95,simulated_data\Net3\leak_pipe_289_pressures.csv,simulated_data\Net3\leak_pipe_289_flows.csv,simulated_data\Net3\leak_pipe_289_node_features.npy,simulated_data\Net3\leak_pipe_289_labels.npy
leak_291,291,96,simulated_data\Net3\leak_pipe_291_pressures.csv,simulated_data\Net3\leak_pipe_291_flows.csv,simulated_data\Net3\leak_pipe_291_node_features.npy,simulated_data\Net3\leak_pipe_291_labels.npy
leak_293,293,97,simulated_data\Net3\leak_pipe_293_pressures.csv,simulated_data\Net3\leak_pipe_293_flows.csv,simulated_data\Net3\leak_pipe_293_node_features.npy,simulated_data\Net3\leak_pipe_293_labels.npy
leak_295,295,98,simulated_data\Net3\leak_pipe_295_pressures.csv,simulated_data\Net3\leak_pipe_295_flows.csv,simulated_data\Net3\leak_pipe_295_node_features.npy,simulated_data\Net3\leak_pipe_295_labels.npy
leak_297,297,99,simulated_data\Net3\leak_pipe_297_pressures.csv,simulated_data\Net3\leak_pipe_297_flows.csv,simulated_data\Net3\leak_pipe_297_node_features.npy,simulated_data\Net3\leak_pipe_297_labels.npy
leak_299,299,100,simulated_data\Net3\leak_pipe_299_pressures.csv,simulated_data\Net3\leak_pipe_299_flows.csv,simulated_data\Net3\leak_pipe_299_node_features.npy,simulated_data\Net3\leak_pipe_299_labels.npy
leak_301,301,101,simulated_data\Net3\leak_pipe_301_pressures.csv,simulated_data\Net3\leak_pipe_301_flows.csv,simulated_data\Net3\leak_pipe_301_node_features.npy,simulated_data\Net3\leak_pipe_301_labels.npy
leak_303,303,102,simulated_data\Net3\leak_pipe_303_pressures.csv,simulated_data\Net3\leak_pipe_303_flows.csv,simulated_data\Net3\leak_pipe_303_node_features.npy,simulated_data\Net3\leak_pipe_303_labels.npy
leak_305,305,103,simulated_data\Net3\leak_pipe_305_pressures.csv,simulated_data\Net3\leak_pipe_305_flows.csv,simulated_data\Net3\leak_pipe_305_node_features.npy,simulated_data\Net3\leak_pipe_305_labels.npy
leak_307,307,104,simulated_data\Net3\leak_pipe_307_pressures.csv,simulated_data\Net3\leak_pipe_307_flows.csv,simulated_data\Net3\leak_pipe_307_node_features.npy,simulated_data\Net3\leak_pipe_307_labels.npy
leak_309,309,105,simulated_data\Net3\leak_pipe_309_pressures.csv,simulated_data\Net3\leak_pipe_309_flows.csv,simulated_data\Net3\leak_pipe_309_node_features.npy,simulated_data\Net3\leak_pipe_309_labels.npy
leak_311,311,106,simulated_data\Net3\leak_pipe_311_pressures.csv,simulated_data\Net3\leak_pipe_311_flows.csv,simulated_data\Net3\leak_pipe_311_node_features.npy,simulated_data\Net3\leak_pipe_311_labels.npy
leak_313,313,107,simulated_data\Net3\leak_pipe_313_pressures.csv,simulated_data\Net3\leak_pipe_313_flows.csv,simulated_data\Net3\leak_pipe_313_node_features.npy,simulated_data\Net3\leak_pipe_313_labels.npy
leak_315,315,108,simulated_data\Net3\leak_pipe_315_pressures.csv,simulated_data\Net3\leak_pipe_315_flows.csv,simulated_data\Net3\leak_pipe_315_node_features.npy,simulated_data\Net3\leak_pipe_315_labels.npy
leak_317,317,109,simulated_data\Net3\leak_pipe_317_pressures.csv,simulated_data\Net3\leak_pipe_317_flows.csv,simulated_data\Net3\leak_pipe_317_node_features.npy,simulated_data\Net3\leak_pipe_317_labels.npy
leak_319,319,110,simulated_data\Net3\leak_pipe_319_pressures.csv,simulated_data\Net3\leak_pipe_319_flows.csv,simulated_data\Net3\leak_pipe_319_node_features.npy,simulated_data\Net3\leak_pipe_319_labels.npy
leak_321,321,111,simulated_data\Net3\leak_pipe_321_pressures.csv,simulated_data\Net3\leak_pipe_321_flows.csv,simulated_data\Net3\leak_pipe_321_node_features.npy,simulated_data\Net3\leak_pipe_321_labels.npy
leak_323,323,112,simulated_data\Net3\leak_pipe_323_pressures.csv,simulated_data\Net3\leak_pipe_323_flows.csv,simulated_data\Net3\leak_pipe_323_node_features.npy,simulated_data\Net3\leak_pipe_323_labels.npy
leak_325,325,113,simulated_data\Net3\leak_pipe_325_pressures.csv,simulated_data\Net3\leak_pipe_325_flows.csv,simulated_data\Net3\leak_pipe_325_node_features.npy,simulated_data\Net3\leak_pipe_325_labels.npy
leak_329,329,114,simulated_data\Net3\leak_pipe_329_pressures.csv,simulated_data\Net3\leak_pipe_329_flows.csv,simulated_data\Net3\leak_pipe_329_node_features.npy,simulated_data\Net3\leak_pipe_329_labels.npy
leak_330,330,115,simulated_data\Net3\leak_pipe_330_pressures.csv,simulated_data\Net3\leak_pipe_330_flows.csv,simulated_data\Net3\leak_pipe_330_node_features.npy,simulated_data\Net3\leak_pipe_330_labels.npy
leak_333,333,116,simulated_data\Net3\leak_pipe_333_pressures.csv,simulated_data\Net3\leak_pipe_333_flows.csv,simulated_data\Net3\leak_pipe_333_node_features.npy,simulated_data\Net3\leak_pipe_333_labels.npy
